﻿<?xml version="1.0" encoding="utf-8"?>
<Properties>
  <tableOfContent>
    <tocData>
      <pageNumber value="1" />
      <title value="" />
      <children>
        <tocData>
          <pageNumber value="1" />
          <title value="حصن المسلم من أذكار الكتاب والسنة" />
          <children>
            <tocData>
              <pageNumber value="5" />
              <title value="المقدمة" />
              <children />
            </tocData>
            <tocData>
              <pageNumber value="8" />
              <title value="فضل الذكر" />
              <children />
            </tocData>
            <tocData>
              <pageNumber value="14" />
              <title value="أذكار الاستيقاظ من النوم" />
              <children />
            </tocData>
            <tocData>
              <pageNumber value="18" />
              <title value="دعاء لُبْس الثوب" />
              <children />
            </tocData>
            <tocData>
              <pageNumber value="19" />
              <title value=" دعاء لُبْس الثوب الجديد" />
              <children />
            </tocData>
            <tocData>
              <pageNumber value="19" />
              <title value="الدعاء لمن لبس ثوبا جديدا" />
              <children />
            </tocData>
            <tocData>
              <pageNumber value="20" />
              <title value="ما يقول إذا وضع ثوبه" />
              <children />
            </tocData>
            <tocData>
              <pageNumber value="20" />
              <title value="دعاء دخول الخلاء" />
              <children />
            </tocData>
            <tocData>
              <pageNumber value="21" />
              <title value="دعاء الخروج من الخلاء" />
              <children />
            </tocData>
            <tocData>
              <pageNumber value="21" />
              <title value="الذكر قبل الوضوء" />
              <children />
            </tocData>
            <tocData>
              <pageNumber value="21" />
              <title value="الذكر بعد الفراغ من الوضوء" />
              <children />
            </tocData>
            <tocData>
              <pageNumber value="22" />
              <title value="الذكر عند الخروج من المنزل" />
              <children />
            </tocData>
            <tocData>
              <pageNumber value="23" />
              <title value="الذكر عند دخول المنزل" />
              <children />
            </tocData>
            <tocData>
              <pageNumber value="23" />
              <title value="دعاء الذهاب إلى المسجد" />
              <children />
            </tocData>
            <tocData>
              <pageNumber value="25" />
              <title value="دعاء دخول المسجد" />
              <children />
            </tocData>
            <tocData>
              <pageNumber value="26" />
              <title value="دعاء الخروج من المسجد" />
              <children />
            </tocData>
            <tocData>
              <pageNumber value="27" />
              <title value="أذكار الأذان" />
              <children />
            </tocData>
            <tocData>
              <pageNumber value="29" />
              <title value="دعاء الاستفتاح" />
              <children />
            </tocData>
            <tocData>
              <pageNumber value="34" />
              <title value="دعاء الركوع" />
              <children />
            </tocData>
            <tocData>
              <pageNumber value="36" />
              <title value="دعاء الرفع من الركوع" />
              <children />
            </tocData>
            <tocData>
              <pageNumber value="37" />
              <title value="دعاء السجود" />
              <children />
            </tocData>
            <tocData>
              <pageNumber value="39" />
              <title value="دعاء الجلسة بين السجدتين" />
              <children />
            </tocData>
            <tocData>
              <pageNumber value="40" />
              <title value="دعاء سجود التلاوة" />
              <children />
            </tocData>
            <tocData>
              <pageNumber value="41" />
              <title value="التشهد" />
              <children />
            </tocData>
            <tocData>
              <pageNumber value="41" />
              <title value="الصلاة على النبي صلى الله عليه وسلم بعد التشهد" />
              <children />
            </tocData>
            <tocData>
              <pageNumber value="43" />
              <title value="الدعاء بعد التشهد الأخير قبل السلام" />
              <children />
            </tocData>
            <tocData>
              <pageNumber value="48" />
              <title value="الأذكار بعد السلام من الصلاة" />
              <children />
            </tocData>
            <tocData>
              <pageNumber value="54" />
              <title value="دعاء صلاة الاستخارة" />
              <children />
            </tocData>
            <tocData>
              <pageNumber value="56" />
              <title value="أذكار الصباح والمساء" />
              <children />
            </tocData>
            <tocData>
              <pageNumber value="70" />
              <title value="أذكار النوم" />
              <children />
            </tocData>
            <tocData>
              <pageNumber value="79" />
              <title value="الدعاء إذا تقلب ليلا" />
              <children />
            </tocData>
            <tocData>
              <pageNumber value="80" />
              <title value="دعاء الفزع في النوم ومن بُلِيَ بالوحشة" />
              <children />
            </tocData>
            <tocData>
              <pageNumber value="80" />
              <title value="ما يفعل من رأى الرؤيا أو الحلم" />
              <children />
            </tocData>
            <tocData>
              <pageNumber value="81" />
              <title value=" دعاء قنوت الوتر" />
              <children />
            </tocData>
            <tocData>
              <pageNumber value="83" />
              <title value="الذكر عقب السلام من الوتر" />
              <children />
            </tocData>
            <tocData>
              <pageNumber value="84" />
              <title value="دعاء الهم والحزن" />
              <children />
            </tocData>
            <tocData>
              <pageNumber value="85" />
              <title value="دعاء الكرب" />
              <children />
            </tocData>
            <tocData>
              <pageNumber value="86" />
              <title value="دعاء لقاء العدو وذي السلطان" />
              <children />
            </tocData>
            <tocData>
              <pageNumber value="87" />
              <title value=" دعاء من خاف ظلم السلطان" />
              <children />
            </tocData>
            <tocData>
              <pageNumber value="89" />
              <title value="الدعاء على العدو" />
              <children />
            </tocData>
            <tocData>
              <pageNumber value="89" />
              <title value="ما يقول من خاف قوما" />
              <children />
            </tocData>
            <tocData>
              <pageNumber value="90" />
              <title value="دعاء من أصابه شك في الإيمان" />
              <children />
            </tocData>
            <tocData>
              <pageNumber value="91" />
              <title value=" دعاء قضاء الدين" />
              <children />
            </tocData>
            <tocData>
              <pageNumber value="91" />
              <title value="دعاء الوسوسة في الصلاة والقراءة" />
              <children />
            </tocData>
            <tocData>
              <pageNumber value="92" />
              <title value="دعاء من استصعب عليه أمر" />
              <children />
            </tocData>
            <tocData>
              <pageNumber value="92" />
              <title value="ما يقول ويفعل من أذنب ذنبا" />
              <children />
            </tocData>
            <tocData>
              <pageNumber value="93" />
              <title value="دعاء طرد الشيطان ووساوسه" />
              <children />
            </tocData>
            <tocData>
              <pageNumber value="94" />
              <title value="الدعاء حينما يقع ما لا يرضاه أو غُلب على أمره" />
              <children />
            </tocData>
            <tocData>
              <pageNumber value="94" />
              <title value="تهنئة المولود له وجوابه" />
              <children />
            </tocData>
            <tocData>
              <pageNumber value="95" />
              <title value="ما يعوذ به الأولاد" />
              <children />
            </tocData>
            <tocData>
              <pageNumber value="95" />
              <title value="الدعاء للمريض في عيادته" />
              <children />
            </tocData>
            <tocData>
              <pageNumber value="96" />
              <title value="فضل عيادة المريض" />
              <children />
            </tocData>
            <tocData>
              <pageNumber value="97" />
              <title value="دعاء المريض الذي يئس من حياته" />
              <children />
            </tocData>
            <tocData>
              <pageNumber value="98" />
              <title value=" تلقين المحتضر" />
              <children />
            </tocData>
            <tocData>
              <pageNumber value="98" />
              <title value="دعاء من أصيب بمصيبة" />
              <children />
            </tocData>
            <tocData>
              <pageNumber value="99" />
              <title value="الدعاء عند إغماض الميت" />
              <children />
            </tocData>
            <tocData>
              <pageNumber value="99" />
              <title value="الدعاء للميت في الصلاة عليه" />
              <children />
            </tocData>
            <tocData>
              <pageNumber value="102" />
              <title value="الدعاء للفرط في الصلاة عليه" />
              <children />
            </tocData>
            <tocData>
              <pageNumber value="104" />
              <title value="دعاء التعزية" />
              <children />
            </tocData>
            <tocData>
              <pageNumber value="104" />
              <title value="الدعاء عند إدخال الميت القبر" />
              <children />
            </tocData>
            <tocData>
              <pageNumber value="105" />
              <title value="الدعاء بعد دفن الميت" />
              <children />
            </tocData>
            <tocData>
              <pageNumber value="105" />
              <title value="دعاء زيارة القبور" />
              <children />
            </tocData>
            <tocData>
              <pageNumber value="106" />
              <title value="دعاء الريح" />
              <children />
            </tocData>
            <tocData>
              <pageNumber value="107" />
              <title value="دعاء الرعد" />
              <children />
            </tocData>
            <tocData>
              <pageNumber value="107" />
              <title value="من أدعية الاستسقاء" />
              <children />
            </tocData>
            <tocData>
              <pageNumber value="108" />
              <title value=" الدعاء إذا نزل المطر" />
              <children />
            </tocData>
            <tocData>
              <pageNumber value="108" />
              <title value="الذكر بعد نزول المطر" />
              <children />
            </tocData>
            <tocData>
              <pageNumber value="109" />
              <title value=" من أدعية الاستصحاء" />
              <children />
            </tocData>
            <tocData>
              <pageNumber value="109" />
              <title value=" دعاء رؤية الهلال" />
              <children />
            </tocData>
            <tocData>
              <pageNumber value="110" />
              <title value="الدعاء عند إفطار الصائم" />
              <children />
            </tocData>
            <tocData>
              <pageNumber value="110" />
              <title value="الدعاء قبل الطعام" />
              <children />
            </tocData>
            <tocData>
              <pageNumber value="111" />
              <title value="الدعاء عند الفراغ من الطعام" />
              <children />
            </tocData>
            <tocData>
              <pageNumber value="112" />
              <title value="دعاء الضيف لصاحب الطعام" />
              <children />
            </tocData>
            <tocData>
              <pageNumber value="112" />
              <title value="الدعاء لمن سقاه أو إذا أراد ذلك" />
              <children />
            </tocData>
            <tocData>
              <pageNumber value="113" />
              <title value="الدعاء إذا أفطر عند أهل بيت" />
              <children />
            </tocData>
            <tocData>
              <pageNumber value="113" />
              <title value="دعاء الصائم إذا حضر الطعام ولم يفطر" />
              <children />
            </tocData>
            <tocData>
              <pageNumber value="114" />
              <title value="ما يقول الصائم إذا سابه أحد" />
              <children />
            </tocData>
            <tocData>
              <pageNumber value="114" />
              <title value="الدعاء عند رؤية باكورة الثمر" />
              <children />
            </tocData>
            <tocData>
              <pageNumber value="115" />
              <title value="دعاء العطاس" />
              <children />
            </tocData>
            <tocData>
              <pageNumber value="115" />
              <title value="ما يقال للكافر إذا عطس فحمد الله" />
              <children />
            </tocData>
            <tocData>
              <pageNumber value="115" />
              <title value="الدعاء للمتزوج" />
              <children />
            </tocData>
            <tocData>
              <pageNumber value="116" />
              <title value="دعاء المتزوج وشراء الدابة" />
              <children />
            </tocData>
            <tocData>
              <pageNumber value="117" />
              <title value="الدعاء قبل إتيان الزوجة" />
              <children />
            </tocData>
            <tocData>
              <pageNumber value="117" />
              <title value="دعاء الغضب" />
              <children />
            </tocData>
            <tocData>
              <pageNumber value="117" />
              <title value="دعاء من رأى مبتلى" />
              <children />
            </tocData>
            <tocData>
              <pageNumber value="118" />
              <title value="ما يقال في المجلس" />
              <children />
            </tocData>
            <tocData>
              <pageNumber value="118" />
              <title value=" كفارة المجلس" />
              <children />
            </tocData>
            <tocData>
              <pageNumber value="119" />
              <title value="الدعاء لمن قال غفر الله لك" />
              <children />
            </tocData>
            <tocData>
              <pageNumber value="119" />
              <title value="الدعاء لمن صنع إليك معروفا" />
              <children />
            </tocData>
            <tocData>
              <pageNumber value="119" />
              <title value=" ما يعصم الله به من الدجال" />
              <children />
            </tocData>
            <tocData>
              <pageNumber value="120" />
              <title value="الدعاء لمن قال إني أحبك في الله" />
              <children />
            </tocData>
            <tocData>
              <pageNumber value="120" />
              <title value=" الدعاء لمن عرض عليك ماله" />
              <children />
            </tocData>
            <tocData>
              <pageNumber value="120" />
              <title value=" الدعاء لمن أقرض عند القضاء" />
              <children />
            </tocData>
            <tocData>
              <pageNumber value="121" />
              <title value="دعاء الخوف من الشرك" />
              <children />
            </tocData>
            <tocData>
              <pageNumber value="121" />
              <title value="الدعاء لمن قال بارك الله فيك" />
              <children />
            </tocData>
            <tocData>
              <pageNumber value="122" />
              <title value="دعاء كراهية الطيرة" />
              <children />
            </tocData>
            <tocData>
              <pageNumber value="122" />
              <title value="دعاء الركوب" />
              <children />
            </tocData>
            <tocData>
              <pageNumber value="123" />
              <title value="دعاء السفر" />
              <children />
            </tocData>
            <tocData>
              <pageNumber value="124" />
              <title value="دعاء دخول القرية أو البلدة" />
              <children />
            </tocData>
            <tocData>
              <pageNumber value="125" />
              <title value="دعاء دخول السوق" />
              <children />
            </tocData>
            <tocData>
              <pageNumber value="126" />
              <title value="الدعاء إذا تعس المركوب" />
              <children />
            </tocData>
            <tocData>
              <pageNumber value="126" />
              <title value="دعاء المسافر للمقيم" />
              <children />
            </tocData>
            <tocData>
              <pageNumber value="127" />
              <title value="دعاء المقيم للمسافر" />
              <children />
            </tocData>
            <tocData>
              <pageNumber value="127" />
              <title value="التكبير والتسبيح في سير السفر" />
              <children />
            </tocData>
            <tocData>
              <pageNumber value="128" />
              <title value="دعاء المسافر إذا أسحر" />
              <children />
            </tocData>
            <tocData>
              <pageNumber value="128" />
              <title value=" الدعاء إذا نزل منزلا في سفر أو غيره" />
              <children />
            </tocData>
            <tocData>
              <pageNumber value="129" />
              <title value="ذكر الرجوع من السفر" />
              <children />
            </tocData>
            <tocData>
              <pageNumber value="129" />
              <title value="ما يقول من أتاه أمر يسره أو يكرهه" />
              <children />
            </tocData>
            <tocData>
              <pageNumber value="130" />
              <title value="فضل الصلاة على النبي صلى الله عليه وسلم" />
              <children />
            </tocData>
            <tocData>
              <pageNumber value="132" />
              <title value=" إفشاء السلام" />
              <children />
            </tocData>
            <tocData>
              <pageNumber value="133" />
              <title value="كيف يرد السلام على الكافر إذا سلم" />
              <children />
            </tocData>
            <tocData>
              <pageNumber value="133" />
              <title value="دعاء صياح الديك ونهيق الحمار" />
              <children />
            </tocData>
            <tocData>
              <pageNumber value="134" />
              <title value=" دعاء نباح الكلاب بالليل" />
              <children />
            </tocData>
            <tocData>
              <pageNumber value="134" />
              <title value="الدعاء لمن سببته" />
              <children />
            </tocData>
            <tocData>
              <pageNumber value="135" />
              <title value="ما يقول المسلم إذا مدح المسلم" />
              <children />
            </tocData>
            <tocData>
              <pageNumber value="135" />
              <title value=" ما يقول المسلم إذا زكي" />
              <children />
            </tocData>
            <tocData>
              <pageNumber value="136" />
              <title value=" كيف يلبي المحرم في الحج أو العمرة" />
              <children />
            </tocData>
            <tocData>
              <pageNumber value="136" />
              <title value="التكبير إذا أتى الركن الأسود" />
              <children />
            </tocData>
            <tocData>
              <pageNumber value="137" />
              <title value="الدعاء بين الركن اليماني والحجر الأسود" />
              <children />
            </tocData>
            <tocData>
              <pageNumber value="137" />
              <title value="دعاء الوقوف على الصفا والمروة" />
              <children />
            </tocData>
            <tocData>
              <pageNumber value="139" />
              <title value="الدعاء يوم عرفة" />
              <children />
            </tocData>
            <tocData>
              <pageNumber value="139" />
              <title value="الذكر عند المشعر الحرام" />
              <children />
            </tocData>
            <tocData>
              <pageNumber value="140" />
              <title value="التكبير عند رمي الجمار مع كل حصاة" />
              <children />
            </tocData>
            <tocData>
              <pageNumber value="141" />
              <title value="دعاء التعجب والأمر السار" />
              <children />
            </tocData>
            <tocData>
              <pageNumber value="141" />
              <title value=" ما يفعل من أتاه أمر يسره" />
              <children />
            </tocData>
            <tocData>
              <pageNumber value="142" />
              <title value="ما يقول من أحس وجعا في جسده" />
              <children />
            </tocData>
            <tocData>
              <pageNumber value="142" />
              <title value="دعاء من خشي أن يصيب شيئا بعينه" />
              <children />
            </tocData>
            <tocData>
              <pageNumber value="143" />
              <title value=" ما يقال عند الفزع" />
              <children />
            </tocData>
            <tocData>
              <pageNumber value="143" />
              <title value="ما يقول عند الذبح أو النحر" />
              <children />
            </tocData>
            <tocData>
              <pageNumber value="143" />
              <title value="ما يقول لرد كيد مردة الشياطين" />
              <children />
            </tocData>
            <tocData>
              <pageNumber value="144" />
              <title value="الاستغفار والتوبة" />
              <children />
            </tocData>
            <tocData>
              <pageNumber value="147" />
              <title value="فضل التسبيح والتحميد , والتهليل , والتكبير" />
              <children />
            </tocData>
            <tocData>
              <pageNumber value="153" />
              <title value="كيف كان النبي صلى الله عليه وسلم يسبح ؟" />
              <children />
            </tocData>
            <tocData>
              <pageNumber value="154" />
              <title value="من أنواع الخير والآداب الجامعة" />
              <children />
            </tocData>
          </children>
        </tocData>
        <tocData>
          <pageNumber value="155" />
          <title value="الفهارس" />
          <children />
        </tocData>
      </children>
    </tocData>
  </tableOfContent>
  <bookProperties>
    <version value="2.3.17" />
    <pages>
      <defaultValue>
        <BGColor value="#FFFFFF" />
        <width value="414" />
        <height value="647" />
        <slideshowDelay value="2000" />
      </defaultValue>
      <elements>
        <page>
          <links />
          <id value="1" />
          <width value="468" />
          <height value="670" />
        </page>
        <page>
          <links />
          <id value="2" />
        </page>
        <page>
          <links />
          <id value="3" />
          <width value="360" />
          <height value="611" />
        </page>
        <page>
          <links />
          <id value="4" />
          <width value="415" />
        </page>
        <page>
          <links />
          <id value="5" />
        </page>
        <page>
          <links />
          <id value="6" />
        </page>
        <page>
          <links />
          <id value="7" />
        </page>
        <page>
          <links />
          <id value="8" />
          <width value="396" />
        </page>
        <page>
          <links />
          <id value="9" />
        </page>
        <page>
          <links />
          <id value="10" />
        </page>
        <page>
          <links />
          <id value="11" />
        </page>
        <page>
          <links />
          <id value="12" />
        </page>
        <page>
          <links />
          <id value="13" />
        </page>
        <page>
          <links />
          <id value="14" />
        </page>
        <page>
          <links />
          <id value="15" />
        </page>
        <page>
          <links />
          <id value="16" />
        </page>
        <page>
          <links />
          <id value="17" />
        </page>
        <page>
          <links />
          <id value="18" />
        </page>
        <page>
          <links />
          <id value="19" />
        </page>
        <page>
          <links />
          <id value="20" />
        </page>
        <page>
          <links />
          <id value="21" />
        </page>
        <page>
          <links />
          <id value="22" />
        </page>
        <page>
          <links />
          <id value="23" />
        </page>
        <page>
          <links />
          <id value="24" />
        </page>
        <page>
          <links />
          <id value="25" />
        </page>
        <page>
          <links />
          <id value="26" />
        </page>
        <page>
          <links />
          <id value="27" />
        </page>
        <page>
          <links />
          <id value="28" />
        </page>
        <page>
          <links />
          <id value="29" />
        </page>
        <page>
          <links />
          <id value="30" />
        </page>
        <page>
          <links />
          <id value="31" />
        </page>
        <page>
          <links />
          <id value="32" />
        </page>
        <page>
          <links />
          <id value="33" />
        </page>
        <page>
          <links />
          <id value="34" />
        </page>
        <page>
          <links />
          <id value="35" />
        </page>
        <page>
          <links />
          <id value="36" />
        </page>
        <page>
          <links />
          <id value="37" />
        </page>
        <page>
          <links />
          <id value="38" />
        </page>
        <page>
          <links />
          <id value="39" />
        </page>
        <page>
          <links />
          <id value="40" />
        </page>
        <page>
          <links />
          <id value="41" />
        </page>
        <page>
          <links />
          <id value="42" />
        </page>
        <page>
          <links />
          <id value="43" />
        </page>
        <page>
          <links />
          <id value="44" />
        </page>
        <page>
          <links />
          <id value="45" />
        </page>
        <page>
          <links />
          <id value="46" />
        </page>
        <page>
          <links />
          <id value="47" />
        </page>
        <page>
          <links />
          <id value="48" />
        </page>
        <page>
          <links />
          <id value="49" />
        </page>
        <page>
          <links />
          <id value="50" />
        </page>
        <page>
          <links />
          <id value="51" />
        </page>
        <page>
          <links />
          <id value="52" />
        </page>
        <page>
          <links />
          <id value="53" />
        </page>
        <page>
          <links />
          <id value="54" />
        </page>
        <page>
          <links />
          <id value="55" />
        </page>
        <page>
          <links />
          <id value="56" />
        </page>
        <page>
          <links />
          <id value="57" />
        </page>
        <page>
          <links />
          <id value="58" />
        </page>
        <page>
          <links />
          <id value="59" />
        </page>
        <page>
          <links />
          <id value="60" />
        </page>
        <page>
          <links />
          <id value="61" />
        </page>
        <page>
          <links />
          <id value="62" />
        </page>
        <page>
          <links />
          <id value="63" />
        </page>
        <page>
          <links />
          <id value="64" />
        </page>
        <page>
          <links />
          <id value="65" />
        </page>
        <page>
          <links />
          <id value="66" />
        </page>
        <page>
          <links />
          <id value="67" />
        </page>
        <page>
          <links />
          <id value="68" />
        </page>
        <page>
          <links />
          <id value="69" />
        </page>
        <page>
          <links />
          <id value="70" />
        </page>
        <page>
          <links />
          <id value="71" />
        </page>
        <page>
          <links />
          <id value="72" />
        </page>
        <page>
          <links />
          <id value="73" />
        </page>
        <page>
          <links />
          <id value="74" />
        </page>
        <page>
          <links />
          <id value="75" />
        </page>
        <page>
          <links />
          <id value="76" />
        </page>
        <page>
          <links />
          <id value="77" />
        </page>
        <page>
          <links />
          <id value="78" />
        </page>
        <page>
          <links />
          <id value="79" />
        </page>
        <page>
          <links />
          <id value="80" />
        </page>
        <page>
          <links />
          <id value="81" />
        </page>
        <page>
          <links />
          <id value="82" />
        </page>
        <page>
          <links />
          <id value="83" />
        </page>
        <page>
          <links />
          <id value="84" />
        </page>
        <page>
          <links />
          <id value="85" />
        </page>
        <page>
          <links />
          <id value="86" />
        </page>
        <page>
          <links />
          <id value="87" />
        </page>
        <page>
          <links />
          <id value="88" />
        </page>
        <page>
          <links />
          <id value="89" />
        </page>
        <page>
          <links />
          <id value="90" />
        </page>
        <page>
          <links />
          <id value="91" />
        </page>
        <page>
          <links />
          <id value="92" />
        </page>
        <page>
          <links />
          <id value="93" />
        </page>
        <page>
          <links />
          <id value="94" />
        </page>
        <page>
          <links />
          <id value="95" />
        </page>
        <page>
          <links />
          <id value="96" />
        </page>
        <page>
          <links />
          <id value="97" />
        </page>
        <page>
          <links />
          <id value="98" />
        </page>
        <page>
          <links />
          <id value="99" />
        </page>
        <page>
          <links />
          <id value="100" />
        </page>
        <page>
          <links />
          <id value="101" />
        </page>
        <page>
          <links />
          <id value="102" />
        </page>
        <page>
          <links />
          <id value="103" />
        </page>
        <page>
          <links />
          <id value="104" />
        </page>
        <page>
          <links />
          <id value="105" />
        </page>
        <page>
          <links />
          <id value="106" />
        </page>
        <page>
          <links />
          <id value="107" />
        </page>
        <page>
          <links />
          <id value="108" />
        </page>
        <page>
          <links />
          <id value="109" />
        </page>
        <page>
          <links />
          <id value="110" />
        </page>
        <page>
          <links />
          <id value="111" />
        </page>
        <page>
          <links />
          <id value="112" />
        </page>
        <page>
          <links />
          <id value="113" />
        </page>
        <page>
          <links />
          <id value="114" />
        </page>
        <page>
          <links />
          <id value="115" />
        </page>
        <page>
          <links />
          <id value="116" />
        </page>
        <page>
          <links />
          <id value="117" />
        </page>
        <page>
          <links />
          <id value="118" />
        </page>
        <page>
          <links />
          <id value="119" />
        </page>
        <page>
          <links />
          <id value="120" />
        </page>
        <page>
          <links />
          <id value="121" />
        </page>
        <page>
          <links />
          <id value="122" />
        </page>
        <page>
          <links />
          <id value="123" />
        </page>
        <page>
          <links />
          <id value="124" />
        </page>
        <page>
          <links />
          <id value="125" />
        </page>
        <page>
          <links />
          <id value="126" />
        </page>
        <page>
          <links />
          <id value="127" />
        </page>
        <page>
          <links />
          <id value="128" />
        </page>
        <page>
          <links />
          <id value="129" />
        </page>
        <page>
          <links />
          <id value="130" />
        </page>
        <page>
          <links />
          <id value="131" />
        </page>
        <page>
          <links />
          <id value="132" />
        </page>
        <page>
          <links />
          <id value="133" />
        </page>
        <page>
          <links />
          <id value="134" />
        </page>
        <page>
          <links />
          <id value="135" />
        </page>
        <page>
          <links />
          <id value="136" />
        </page>
        <page>
          <links />
          <id value="137" />
        </page>
        <page>
          <links />
          <id value="138" />
          <width value="406" />
        </page>
        <page>
          <links />
          <id value="139" />
        </page>
        <page>
          <links />
          <id value="140" />
        </page>
        <page>
          <links />
          <id value="141" />
        </page>
        <page>
          <links />
          <id value="142" />
        </page>
        <page>
          <links />
          <id value="143" />
        </page>
        <page>
          <links />
          <id value="144" />
        </page>
        <page>
          <links />
          <id value="145" />
        </page>
        <page>
          <links />
          <id value="146" />
        </page>
        <page>
          <links />
          <id value="147" />
        </page>
        <page>
          <links />
          <id value="148" />
        </page>
        <page>
          <links />
          <id value="149" />
        </page>
        <page>
          <links />
          <id value="150" />
        </page>
        <page>
          <links />
          <id value="151" />
        </page>
        <page>
          <links />
          <id value="152" />
        </page>
        <page>
          <links />
          <id value="153" />
        </page>
        <page>
          <links />
          <id value="154" />
        </page>
        <page>
          <links />
          <id value="155" />
          <width value="387" />
        </page>
        <page>
          <links />
          <id value="156" />
        </page>
        <page>
          <links />
          <id value="157" />
        </page>
        <page>
          <links />
          <id value="158" />
        </page>
        <page>
          <links />
          <id value="159" />
        </page>
        <page>
          <links />
          <id value="160" />
        </page>
        <page>
          <links />
          <id value="161" />
          <width value="378" />
          <height value="620" />
        </page>
        <page>
          <links />
          <id value="162" />
        </page>
        <page>
          <links />
          <id value="163" />
          <width value="468" />
          <height value="670" />
        </page>
      </elements>
    </pages>
    <searchIndex ext="search/searchtext.xml" />
    <bookId value="0ca7c680-fc82-48cd-963d-e1404e41a413" />
    <bookWidth value="468" />
    <bookHeight value="670" />
    <bookName value="حصن المسلم" />
    <bookBG src="image/to_do2_list.png" scale="tile" width="127" height="127" color="#7D858A" />
    <searchVisible value="false" />
    <navigationVisible value="true" />
    <singlePageMode value="false" />
    <rightToLeftMode value="true" />
    <hardCover value="true" border="true" color="#2F2F40" width="15" height="15" />
    <skin style="ClassicGrey" />
    <tocVisible value="true" />
    <slideshowVisible value="true" />
    <bookmarksVisible value="true" />
    <bookLang value="en" />
    <sessionRestore value="false" />
    <SearchLim value="3" />
    <SearchExactMatch value="false" />
    <SearchTrim value="true" />
    <Search value="false" />
    <SearchColor value="#FFE921" />
    <slideshowLoop value="true" />
    <skinColor value="#7D8489" />
  </bookProperties>
</Properties>