﻿{"Properties":{"tableOfContent":{"tocData":{"pageNumber":{"@value":"1"},"title":{"@value":""},"children":{"tocData":[{"pageNumber":{"@value":"1"},"title":{"@value":"حصن المسلم من أذكار الكتاب والسنة"},"children":{"tocData":[{"pageNumber":{"@value":"5"},"title":{"@value":"المقدمة"},"children":null},{"pageNumber":{"@value":"8"},"title":{"@value":"فضل الذكر"},"children":null},{"pageNumber":{"@value":"14"},"title":{"@value":"أذكار الاستيقاظ من النوم"},"children":null},{"pageNumber":{"@value":"18"},"title":{"@value":"دعاء لُبْس الثوب"},"children":null},{"pageNumber":{"@value":"19"},"title":{"@value":" دعاء لُبْس الثوب الجديد"},"children":null},{"pageNumber":{"@value":"19"},"title":{"@value":"الدعاء لمن لبس ثوبا جديدا"},"children":null},{"pageNumber":{"@value":"20"},"title":{"@value":"ما يقول إذا وضع ثوبه"},"children":null},{"pageNumber":{"@value":"20"},"title":{"@value":"دعاء دخول الخلاء"},"children":null},{"pageNumber":{"@value":"21"},"title":{"@value":"دعاء الخروج من الخلاء"},"children":null},{"pageNumber":{"@value":"21"},"title":{"@value":"الذكر قبل الوضوء"},"children":null},{"pageNumber":{"@value":"21"},"title":{"@value":"الذكر بعد الفراغ من الوضوء"},"children":null},{"pageNumber":{"@value":"22"},"title":{"@value":"الذكر عند الخروج من المنزل"},"children":null},{"pageNumber":{"@value":"23"},"title":{"@value":"الذكر عند دخول المنزل"},"children":null},{"pageNumber":{"@value":"23"},"title":{"@value":"دعاء الذهاب إلى المسجد"},"children":null},{"pageNumber":{"@value":"25"},"title":{"@value":"دعاء دخول المسجد"},"children":null},{"pageNumber":{"@value":"26"},"title":{"@value":"دعاء الخروج من المسجد"},"children":null},{"pageNumber":{"@value":"27"},"title":{"@value":"أذكار الأذان"},"children":null},{"pageNumber":{"@value":"29"},"title":{"@value":"دعاء الاستفتاح"},"children":null},{"pageNumber":{"@value":"34"},"title":{"@value":"دعاء الركوع"},"children":null},{"pageNumber":{"@value":"36"},"title":{"@value":"دعاء الرفع من الركوع"},"children":null},{"pageNumber":{"@value":"37"},"title":{"@value":"دعاء السجود"},"children":null},{"pageNumber":{"@value":"39"},"title":{"@value":"دعاء الجلسة بين السجدتين"},"children":null},{"pageNumber":{"@value":"40"},"title":{"@value":"دعاء سجود التلاوة"},"children":null},{"pageNumber":{"@value":"41"},"title":{"@value":"التشهد"},"children":null},{"pageNumber":{"@value":"41"},"title":{"@value":"الصلاة على النبي صلى الله عليه وسلم بعد التشهد"},"children":null},{"pageNumber":{"@value":"43"},"title":{"@value":"الدعاء بعد التشهد الأخير قبل السلام"},"children":null},{"pageNumber":{"@value":"48"},"title":{"@value":"الأذكار بعد السلام من الصلاة"},"children":null},{"pageNumber":{"@value":"54"},"title":{"@value":"دعاء صلاة الاستخارة"},"children":null},{"pageNumber":{"@value":"56"},"title":{"@value":"أذكار الصباح والمساء"},"children":null},{"pageNumber":{"@value":"70"},"title":{"@value":"أذكار النوم"},"children":null},{"pageNumber":{"@value":"79"},"title":{"@value":"الدعاء إذا تقلب ليلا"},"children":null},{"pageNumber":{"@value":"80"},"title":{"@value":"دعاء الفزع في النوم ومن بُلِيَ بالوحشة"},"children":null},{"pageNumber":{"@value":"80"},"title":{"@value":"ما يفعل من رأى الرؤيا أو الحلم"},"children":null},{"pageNumber":{"@value":"81"},"title":{"@value":" دعاء قنوت الوتر"},"children":null},{"pageNumber":{"@value":"83"},"title":{"@value":"الذكر عقب السلام من الوتر"},"children":null},{"pageNumber":{"@value":"84"},"title":{"@value":"دعاء الهم والحزن"},"children":null},{"pageNumber":{"@value":"85"},"title":{"@value":"دعاء الكرب"},"children":null},{"pageNumber":{"@value":"86"},"title":{"@value":"دعاء لقاء العدو وذي السلطان"},"children":null},{"pageNumber":{"@value":"87"},"title":{"@value":" دعاء من خاف ظلم السلطان"},"children":null},{"pageNumber":{"@value":"89"},"title":{"@value":"الدعاء على العدو"},"children":null},{"pageNumber":{"@value":"89"},"title":{"@value":"ما يقول من خاف قوما"},"children":null},{"pageNumber":{"@value":"90"},"title":{"@value":"دعاء من أصابه شك في الإيمان"},"children":null},{"pageNumber":{"@value":"91"},"title":{"@value":" دعاء قضاء الدين"},"children":null},{"pageNumber":{"@value":"91"},"title":{"@value":"دعاء الوسوسة في الصلاة والقراءة"},"children":null},{"pageNumber":{"@value":"92"},"title":{"@value":"دعاء من استصعب عليه أمر"},"children":null},{"pageNumber":{"@value":"92"},"title":{"@value":"ما يقول ويفعل من أذنب ذنبا"},"children":null},{"pageNumber":{"@value":"93"},"title":{"@value":"دعاء طرد الشيطان ووساوسه"},"children":null},{"pageNumber":{"@value":"94"},"title":{"@value":"الدعاء حينما يقع ما لا يرضاه أو غُلب على أمره"},"children":null},{"pageNumber":{"@value":"94"},"title":{"@value":"تهنئة المولود له وجوابه"},"children":null},{"pageNumber":{"@value":"95"},"title":{"@value":"ما يعوذ به الأولاد"},"children":null},{"pageNumber":{"@value":"95"},"title":{"@value":"الدعاء للمريض في عيادته"},"children":null},{"pageNumber":{"@value":"96"},"title":{"@value":"فضل عيادة المريض"},"children":null},{"pageNumber":{"@value":"97"},"title":{"@value":"دعاء المريض الذي يئس من حياته"},"children":null},{"pageNumber":{"@value":"98"},"title":{"@value":" تلقين المحتضر"},"children":null},{"pageNumber":{"@value":"98"},"title":{"@value":"دعاء من أصيب بمصيبة"},"children":null},{"pageNumber":{"@value":"99"},"title":{"@value":"الدعاء عند إغماض الميت"},"children":null},{"pageNumber":{"@value":"99"},"title":{"@value":"الدعاء للميت في الصلاة عليه"},"children":null},{"pageNumber":{"@value":"102"},"title":{"@value":"الدعاء للفرط في الصلاة عليه"},"children":null},{"pageNumber":{"@value":"104"},"title":{"@value":"دعاء التعزية"},"children":null},{"pageNumber":{"@value":"104"},"title":{"@value":"الدعاء عند إدخال الميت القبر"},"children":null},{"pageNumber":{"@value":"105"},"title":{"@value":"الدعاء بعد دفن الميت"},"children":null},{"pageNumber":{"@value":"105"},"title":{"@value":"دعاء زيارة القبور"},"children":null},{"pageNumber":{"@value":"106"},"title":{"@value":"دعاء الريح"},"children":null},{"pageNumber":{"@value":"107"},"title":{"@value":"دعاء الرعد"},"children":null},{"pageNumber":{"@value":"107"},"title":{"@value":"من أدعية الاستسقاء"},"children":null},{"pageNumber":{"@value":"108"},"title":{"@value":" الدعاء إذا نزل المطر"},"children":null},{"pageNumber":{"@value":"108"},"title":{"@value":"الذكر بعد نزول المطر"},"children":null},{"pageNumber":{"@value":"109"},"title":{"@value":" من أدعية الاستصحاء"},"children":null},{"pageNumber":{"@value":"109"},"title":{"@value":" دعاء رؤية الهلال"},"children":null},{"pageNumber":{"@value":"110"},"title":{"@value":"الدعاء عند إفطار الصائم"},"children":null},{"pageNumber":{"@value":"110"},"title":{"@value":"الدعاء قبل الطعام"},"children":null},{"pageNumber":{"@value":"111"},"title":{"@value":"الدعاء عند الفراغ من الطعام"},"children":null},{"pageNumber":{"@value":"112"},"title":{"@value":"دعاء الضيف لصاحب الطعام"},"children":null},{"pageNumber":{"@value":"112"},"title":{"@value":"الدعاء لمن سقاه أو إذا أراد ذلك"},"children":null},{"pageNumber":{"@value":"113"},"title":{"@value":"الدعاء إذا أفطر عند أهل بيت"},"children":null},{"pageNumber":{"@value":"113"},"title":{"@value":"دعاء الصائم إذا حضر الطعام ولم يفطر"},"children":null},{"pageNumber":{"@value":"114"},"title":{"@value":"ما يقول الصائم إذا سابه أحد"},"children":null},{"pageNumber":{"@value":"114"},"title":{"@value":"الدعاء عند رؤية باكورة الثمر"},"children":null},{"pageNumber":{"@value":"115"},"title":{"@value":"دعاء العطاس"},"children":null},{"pageNumber":{"@value":"115"},"title":{"@value":"ما يقال للكافر إذا عطس فحمد الله"},"children":null},{"pageNumber":{"@value":"115"},"title":{"@value":"الدعاء للمتزوج"},"children":null},{"pageNumber":{"@value":"116"},"title":{"@value":"دعاء المتزوج وشراء الدابة"},"children":null},{"pageNumber":{"@value":"117"},"title":{"@value":"الدعاء قبل إتيان الزوجة"},"children":null},{"pageNumber":{"@value":"117"},"title":{"@value":"دعاء الغضب"},"children":null},{"pageNumber":{"@value":"117"},"title":{"@value":"دعاء من رأى مبتلى"},"children":null},{"pageNumber":{"@value":"118"},"title":{"@value":"ما يقال في المجلس"},"children":null},{"pageNumber":{"@value":"118"},"title":{"@value":" كفارة المجلس"},"children":null},{"pageNumber":{"@value":"119"},"title":{"@value":"الدعاء لمن قال غفر الله لك"},"children":null},{"pageNumber":{"@value":"119"},"title":{"@value":"الدعاء لمن صنع إليك معروفا"},"children":null},{"pageNumber":{"@value":"119"},"title":{"@value":" ما يعصم الله به من الدجال"},"children":null},{"pageNumber":{"@value":"120"},"title":{"@value":"الدعاء لمن قال إني أحبك في الله"},"children":null},{"pageNumber":{"@value":"120"},"title":{"@value":" الدعاء لمن عرض عليك ماله"},"children":null},{"pageNumber":{"@value":"120"},"title":{"@value":" الدعاء لمن أقرض عند القضاء"},"children":null},{"pageNumber":{"@value":"121"},"title":{"@value":"دعاء الخوف من الشرك"},"children":null},{"pageNumber":{"@value":"121"},"title":{"@value":"الدعاء لمن قال بارك الله فيك"},"children":null},{"pageNumber":{"@value":"122"},"title":{"@value":"دعاء كراهية الطيرة"},"children":null},{"pageNumber":{"@value":"122"},"title":{"@value":"دعاء الركوب"},"children":null},{"pageNumber":{"@value":"123"},"title":{"@value":"دعاء السفر"},"children":null},{"pageNumber":{"@value":"124"},"title":{"@value":"دعاء دخول القرية أو البلدة"},"children":null},{"pageNumber":{"@value":"125"},"title":{"@value":"دعاء دخول السوق"},"children":null},{"pageNumber":{"@value":"126"},"title":{"@value":"الدعاء إذا تعس المركوب"},"children":null},{"pageNumber":{"@value":"126"},"title":{"@value":"دعاء المسافر للمقيم"},"children":null},{"pageNumber":{"@value":"127"},"title":{"@value":"دعاء المقيم للمسافر"},"children":null},{"pageNumber":{"@value":"127"},"title":{"@value":"التكبير والتسبيح في سير السفر"},"children":null},{"pageNumber":{"@value":"128"},"title":{"@value":"دعاء المسافر إذا أسحر"},"children":null},{"pageNumber":{"@value":"128"},"title":{"@value":" الدعاء إذا نزل منزلا في سفر أو غيره"},"children":null},{"pageNumber":{"@value":"129"},"title":{"@value":"ذكر الرجوع من السفر"},"children":null},{"pageNumber":{"@value":"129"},"title":{"@value":"ما يقول من أتاه أمر يسره أو يكرهه"},"children":null},{"pageNumber":{"@value":"130"},"title":{"@value":"فضل الصلاة على النبي صلى الله عليه وسلم"},"children":null},{"pageNumber":{"@value":"132"},"title":{"@value":" إفشاء السلام"},"children":null},{"pageNumber":{"@value":"133"},"title":{"@value":"كيف يرد السلام على الكافر إذا سلم"},"children":null},{"pageNumber":{"@value":"133"},"title":{"@value":"دعاء صياح الديك ونهيق الحمار"},"children":null},{"pageNumber":{"@value":"134"},"title":{"@value":" دعاء نباح الكلاب بالليل"},"children":null},{"pageNumber":{"@value":"134"},"title":{"@value":"الدعاء لمن سببته"},"children":null},{"pageNumber":{"@value":"135"},"title":{"@value":"ما يقول المسلم إذا مدح المسلم"},"children":null},{"pageNumber":{"@value":"135"},"title":{"@value":" ما يقول المسلم إذا زكي"},"children":null},{"pageNumber":{"@value":"136"},"title":{"@value":" كيف يلبي المحرم في الحج أو العمرة"},"children":null},{"pageNumber":{"@value":"136"},"title":{"@value":"التكبير إذا أتى الركن الأسود"},"children":null},{"pageNumber":{"@value":"137"},"title":{"@value":"الدعاء بين الركن اليماني والحجر الأسود"},"children":null},{"pageNumber":{"@value":"137"},"title":{"@value":"دعاء الوقوف على الصفا والمروة"},"children":null},{"pageNumber":{"@value":"139"},"title":{"@value":"الدعاء يوم عرفة"},"children":null},{"pageNumber":{"@value":"139"},"title":{"@value":"الذكر عند المشعر الحرام"},"children":null},{"pageNumber":{"@value":"140"},"title":{"@value":"التكبير عند رمي الجمار مع كل حصاة"},"children":null},{"pageNumber":{"@value":"141"},"title":{"@value":"دعاء التعجب والأمر السار"},"children":null},{"pageNumber":{"@value":"141"},"title":{"@value":" ما يفعل من أتاه أمر يسره"},"children":null},{"pageNumber":{"@value":"142"},"title":{"@value":"ما يقول من أحس وجعا في جسده"},"children":null},{"pageNumber":{"@value":"142"},"title":{"@value":"دعاء من خشي أن يصيب شيئا بعينه"},"children":null},{"pageNumber":{"@value":"143"},"title":{"@value":" ما يقال عند الفزع"},"children":null},{"pageNumber":{"@value":"143"},"title":{"@value":"ما يقول عند الذبح أو النحر"},"children":null},{"pageNumber":{"@value":"143"},"title":{"@value":"ما يقول لرد كيد مردة الشياطين"},"children":null},{"pageNumber":{"@value":"144"},"title":{"@value":"الاستغفار والتوبة"},"children":null},{"pageNumber":{"@value":"147"},"title":{"@value":"فضل التسبيح والتحميد , والتهليل , والتكبير"},"children":null},{"pageNumber":{"@value":"153"},"title":{"@value":"كيف كان النبي صلى الله عليه وسلم يسبح ؟"},"children":null},{"pageNumber":{"@value":"154"},"title":{"@value":"من أنواع الخير والآداب الجامعة"},"children":null}]}},{"pageNumber":{"@value":"155"},"title":{"@value":"الفهارس"},"children":null}]}}},"bookProperties":{"version":{"@value":"2.3.17"},"pages":{"defaultValue":{"BGColor":{"@value":"#FFFFFF"},"width":{"@value":"414"},"height":{"@value":"647"},"slideshowDelay":{"@value":"2000"}},"elements":{"page":[{"links":null,"id":{"@value":"1"},"width":{"@value":"468"},"height":{"@value":"670"}},{"links":null,"id":{"@value":"2"}},{"links":null,"id":{"@value":"3"},"width":{"@value":"360"},"height":{"@value":"611"}},{"links":null,"id":{"@value":"4"},"width":{"@value":"415"}},{"links":null,"id":{"@value":"5"}},{"links":null,"id":{"@value":"6"}},{"links":null,"id":{"@value":"7"}},{"links":null,"id":{"@value":"8"},"width":{"@value":"396"}},{"links":null,"id":{"@value":"9"}},{"links":null,"id":{"@value":"10"}},{"links":null,"id":{"@value":"11"}},{"links":null,"id":{"@value":"12"}},{"links":null,"id":{"@value":"13"}},{"links":null,"id":{"@value":"14"}},{"links":null,"id":{"@value":"15"}},{"links":null,"id":{"@value":"16"}},{"links":null,"id":{"@value":"17"}},{"links":null,"id":{"@value":"18"}},{"links":null,"id":{"@value":"19"}},{"links":null,"id":{"@value":"20"}},{"links":null,"id":{"@value":"21"}},{"links":null,"id":{"@value":"22"}},{"links":null,"id":{"@value":"23"}},{"links":null,"id":{"@value":"24"}},{"links":null,"id":{"@value":"25"}},{"links":null,"id":{"@value":"26"}},{"links":null,"id":{"@value":"27"}},{"links":null,"id":{"@value":"28"}},{"links":null,"id":{"@value":"29"}},{"links":null,"id":{"@value":"30"}},{"links":null,"id":{"@value":"31"}},{"links":null,"id":{"@value":"32"}},{"links":null,"id":{"@value":"33"}},{"links":null,"id":{"@value":"34"}},{"links":null,"id":{"@value":"35"}},{"links":null,"id":{"@value":"36"}},{"links":null,"id":{"@value":"37"}},{"links":null,"id":{"@value":"38"}},{"links":null,"id":{"@value":"39"}},{"links":null,"id":{"@value":"40"}},{"links":null,"id":{"@value":"41"}},{"links":null,"id":{"@value":"42"}},{"links":null,"id":{"@value":"43"}},{"links":null,"id":{"@value":"44"}},{"links":null,"id":{"@value":"45"}},{"links":null,"id":{"@value":"46"}},{"links":null,"id":{"@value":"47"}},{"links":null,"id":{"@value":"48"}},{"links":null,"id":{"@value":"49"}},{"links":null,"id":{"@value":"50"}},{"links":null,"id":{"@value":"51"}},{"links":null,"id":{"@value":"52"}},{"links":null,"id":{"@value":"53"}},{"links":null,"id":{"@value":"54"}},{"links":null,"id":{"@value":"55"}},{"links":null,"id":{"@value":"56"}},{"links":null,"id":{"@value":"57"}},{"links":null,"id":{"@value":"58"}},{"links":null,"id":{"@value":"59"}},{"links":null,"id":{"@value":"60"}},{"links":null,"id":{"@value":"61"}},{"links":null,"id":{"@value":"62"}},{"links":null,"id":{"@value":"63"}},{"links":null,"id":{"@value":"64"}},{"links":null,"id":{"@value":"65"}},{"links":null,"id":{"@value":"66"}},{"links":null,"id":{"@value":"67"}},{"links":null,"id":{"@value":"68"}},{"links":null,"id":{"@value":"69"}},{"links":null,"id":{"@value":"70"}},{"links":null,"id":{"@value":"71"}},{"links":null,"id":{"@value":"72"}},{"links":null,"id":{"@value":"73"}},{"links":null,"id":{"@value":"74"}},{"links":null,"id":{"@value":"75"}},{"links":null,"id":{"@value":"76"}},{"links":null,"id":{"@value":"77"}},{"links":null,"id":{"@value":"78"}},{"links":null,"id":{"@value":"79"}},{"links":null,"id":{"@value":"80"}},{"links":null,"id":{"@value":"81"}},{"links":null,"id":{"@value":"82"}},{"links":null,"id":{"@value":"83"}},{"links":null,"id":{"@value":"84"}},{"links":null,"id":{"@value":"85"}},{"links":null,"id":{"@value":"86"}},{"links":null,"id":{"@value":"87"}},{"links":null,"id":{"@value":"88"}},{"links":null,"id":{"@value":"89"}},{"links":null,"id":{"@value":"90"}},{"links":null,"id":{"@value":"91"}},{"links":null,"id":{"@value":"92"}},{"links":null,"id":{"@value":"93"}},{"links":null,"id":{"@value":"94"}},{"links":null,"id":{"@value":"95"}},{"links":null,"id":{"@value":"96"}},{"links":null,"id":{"@value":"97"}},{"links":null,"id":{"@value":"98"}},{"links":null,"id":{"@value":"99"}},{"links":null,"id":{"@value":"100"}},{"links":null,"id":{"@value":"101"}},{"links":null,"id":{"@value":"102"}},{"links":null,"id":{"@value":"103"}},{"links":null,"id":{"@value":"104"}},{"links":null,"id":{"@value":"105"}},{"links":null,"id":{"@value":"106"}},{"links":null,"id":{"@value":"107"}},{"links":null,"id":{"@value":"108"}},{"links":null,"id":{"@value":"109"}},{"links":null,"id":{"@value":"110"}},{"links":null,"id":{"@value":"111"}},{"links":null,"id":{"@value":"112"}},{"links":null,"id":{"@value":"113"}},{"links":null,"id":{"@value":"114"}},{"links":null,"id":{"@value":"115"}},{"links":null,"id":{"@value":"116"}},{"links":null,"id":{"@value":"117"}},{"links":null,"id":{"@value":"118"}},{"links":null,"id":{"@value":"119"}},{"links":null,"id":{"@value":"120"}},{"links":null,"id":{"@value":"121"}},{"links":null,"id":{"@value":"122"}},{"links":null,"id":{"@value":"123"}},{"links":null,"id":{"@value":"124"}},{"links":null,"id":{"@value":"125"}},{"links":null,"id":{"@value":"126"}},{"links":null,"id":{"@value":"127"}},{"links":null,"id":{"@value":"128"}},{"links":null,"id":{"@value":"129"}},{"links":null,"id":{"@value":"130"}},{"links":null,"id":{"@value":"131"}},{"links":null,"id":{"@value":"132"}},{"links":null,"id":{"@value":"133"}},{"links":null,"id":{"@value":"134"}},{"links":null,"id":{"@value":"135"}},{"links":null,"id":{"@value":"136"}},{"links":null,"id":{"@value":"137"}},{"links":null,"id":{"@value":"138"},"width":{"@value":"406"}},{"links":null,"id":{"@value":"139"}},{"links":null,"id":{"@value":"140"}},{"links":null,"id":{"@value":"141"}},{"links":null,"id":{"@value":"142"}},{"links":null,"id":{"@value":"143"}},{"links":null,"id":{"@value":"144"}},{"links":null,"id":{"@value":"145"}},{"links":null,"id":{"@value":"146"}},{"links":null,"id":{"@value":"147"}},{"links":null,"id":{"@value":"148"}},{"links":null,"id":{"@value":"149"}},{"links":null,"id":{"@value":"150"}},{"links":null,"id":{"@value":"151"}},{"links":null,"id":{"@value":"152"}},{"links":null,"id":{"@value":"153"}},{"links":null,"id":{"@value":"154"}},{"links":null,"id":{"@value":"155"},"width":{"@value":"387"}},{"links":null,"id":{"@value":"156"}},{"links":null,"id":{"@value":"157"}},{"links":null,"id":{"@value":"158"}},{"links":null,"id":{"@value":"159"}},{"links":null,"id":{"@value":"160"}},{"links":null,"id":{"@value":"161"},"width":{"@value":"378"},"height":{"@value":"620"}},{"links":null,"id":{"@value":"162"}},{"links":null,"id":{"@value":"163"},"width":{"@value":"468"},"height":{"@value":"670"}}]}},"searchIndex":{"@ext":"search/searchtext.xml"},"bookId":{"@value":"0ca7c680-fc82-48cd-963d-e1404e41a413"},"bookWidth":{"@value":"468"},"bookHeight":{"@value":"670"},"bookName":{"@value":"حصن المسلم"},"bookBG":{"@src":"image/to_do2_list.png","@scale":"tile","@width":"127","@height":"127","@color":"#7D858A"},"searchVisible":{"@value":"false"},"navigationVisible":{"@value":"true"},"singlePageMode":{"@value":"false"},"rightToLeftMode":{"@value":"true"},"hardCover":{"@value":"true","@border":"true","@color":"#2F2F40","@width":"15","@height":"15"},"skin":{"@style":"ClassicGrey"},"tocVisible":{"@value":"true"},"slideshowVisible":{"@value":"true"},"bookmarksVisible":{"@value":"true"},"bookLang":{"@value":"en"},"sessionRestore":{"@value":"false"},"SearchLim":{"@value":"3"},"SearchExactMatch":{"@value":"false"},"SearchTrim":{"@value":"true"},"Search":{"@value":"false"},"SearchColor":{"@value":"#FFE921"},"slideshowLoop":{"@value":"true"},"skinColor":{"@value":"#7D8489"}}}}